Id_studente,codice_esame,data_esame,tipo,voto,giudizio,crediti,descrizione
A,B006807,2015-01-16,S,24,,6,ALGEBRA LINEARE
A,B006800,2014-07-17,S,29,,12,ALGORITMI E STRUTTURE DATI
A,B006801,2014-06-10,S,30,,12,ANALISI I: CALCOLO DIFFERENZIALE ED INTEGRALE
A,B006808,2017-01-23,S,18,,6,ANALISI II: FUNZIONI DI PIU' VARIABILI
A,B006802,2014-06-12,S,25,,12,ARCHITETTURE DEGLI ELABORATORI
A,B006813,2017-01-27,S,20,,9,BASI DI DATI E SISTEMI INFORMATIVI
A,B018760,2017-02-03,S,25,,6,CALCOLO DELLE PROBABILITA' E STATISTICA
A,B006806,2014-02-25,C,0,P,3,INGLESE
A,B018756,2015-01-20,S,29,,9,METODOLOGIE DI PROGRAMMAZIONE
A,B006804,2014-09-02,S,30,,12,PROGRAMMAZIONE
A,B018757,2015-03-04,S,29,,6,PROGRAMMAZIONE CONCORRENTE
B,B006807,2016-01-11,S,22,,6,ALGEBRA LINEARE
B,B006800,2014-06-12,S,26,,12,ALGORITMI E STRUTTURE DATI
B,B006801,2014-09-09,S,20,,12,ANALISI I: CALCOLO DIFFERENZIALE ED INTEGRALE
B,B006808,2015-07-14,S,28,,6,ANALISI II: FUNZIONI DI PIU' VARIABILI
B,B006802,2016-01-28,S,21,,12,ARCHITETTURE DEGLI ELABORATORI
B,B006813,2015-07-30,S,19,,9,BASI DI DATI E SISTEMI INFORMATIVI
B,B006806,2015-01-27,S,0,P,3,INGLESE
B,B006803,2016-08-02,S,18,,9,MATEMATICA DISCRETA E LOGICA
B,B018756,2015-02-16,S,23,,9,METODOLOGIE DI PROGRAMMAZIONE
B,B006804,2014-07-29,S,26,,12,PROGRAMMAZIONE
B,B006818,2017-01-17,S,23,,9,SISTEMI OPERATIVI
C,B006800,2014-09-12,S,28,,12,ALGORITMI E STRUTTURE DATI
C,B006802,2016-09-19,S,22,,12,ARCHITETTURE DEGLI ELABORATORI
C,B006813,2016-02-09,S,26,,9,BASI DI DATI E SISTEMI INFORMATIVI
C,B006806,2014-09-16,S,0,P,3,INGLESE
C,B018756,2016-02-18,S,26,,9,METODOLOGIE DI PROGRAMMAZIONE
C,B006804,2014-07-28,S,26,,12,PROGRAMMAZIONE
C,B018757,2017-02-02,S,23,,6,PROGRAMMAZIONE CONCORRENTE
C,B006818,2017-02-09,S,22,,9,SISTEMI OPERATIVI
D,B006807,2016-02-08,S,21,,6,ALGEBRA LINEARE
D,B006800,2016-01-19,S,20,,12,ALGORITMI E STRUTTURE DATI
D,B006801,2015-09-11,S,28,,12,ANALISI I: CALCOLO DIFFERENZIALE ED INTEGRALE
D,B006808,2016-06-21,S,31,,6,ANALISI II: FUNZIONI DI PIU' VARIABILI
D,B006802,2016-07-18,S,22,,12,ARCHITETTURE DEGLI ELABORATORI
D,B018760,2016-06-10,S,18,,6,CALCOLO DELLE PROBABILITA' E STATISTICA
D,B006804,2015-09-23,S,22,,12,PROGRAMMAZIONE
E,B006800,17/09/2015,S,28,,12,ALGORITMI E STRUTTURE DATI
E,B006801,29/01/2016,S,27,,12,ANALISI I: CALCOLO DIFFERENZIALE ED INTEGRALE
E,B006806,07/05/2015,S,0,P,3,INGLESE
F,B006807,2016-02-08,S,29,,6,ALGEBRA LINEARE
F,B006800,2015-06-11,S,24,,12,ALGORITMI E STRUTTURE DATI
F,B006801,2015-06-25,S,28,,12,ANALISI I: CALCOLO DIFFERENZIALE ED INTEGRALE
F,B006802,2016-02-12,S,23,,12,ARCHITETTURE DEGLI ELABORATORI
F,B006813,2016-06-13,S,22,,9,BASI DI DATI E SISTEMI INFORMATIVI
F,B006803,2016-08-02,S,24,,9,MATEMATICA DISCRETA E LOGICA
F,B006804,2015-09-01,S,24,,12,PROGRAMMAZIONE
F,B018757,2016-09-22,S,19,,6,PROGRAMMAZIONE CONCORRENTE
G,B006807,2016-01-11,S,28,,6,ALGEBRA LINEARE
G,B006800,2015-06-12,S,26,,12,ALGORITMI E STRUTTURE DATI
G,B006801,2015-07-24,S,30,,12,ANALISI I: CALCOLO DIFFERENZIALE ED INTEGRALE
G,B006808,2016-06-21,S,27,,6,ANALISI II: FUNZIONI DI PIU' VARIABILI
G,B006802,2016-02-12,S,27,,12,ARCHITETTURE DEGLI ELABORATORI
G,B006813,2016-07-19,S,28,,9,BASI DI DATI E SISTEMI INFORMATIVI
G,B018760,2016-01-08,S,27,,6,CALCOLO DELLE PROBABILITA' E STATISTICA
G,B006803,2015-09-15,S,23,,9,MATEMATICA DISCRETA E LOGICA
G,B018756,2016-02-25,S,30,,9,METODOLOGIE DI PROGRAMMAZIONE
G,B006804,2015-06-30,S,31,,12,PROGRAMMAZIONE
G,B018757,2016-07-25,S,24,,6,PROGRAMMAZIONE CONCORRENTE
G,B006818,2017-01-17,S,25,,9,SISTEMI OPERATIVI
H,B006807,2016-01-11,S,25,,6,ALGEBRA LINEARE
H,B006800,2015-07-10,S,30,,12,ALGORITMI E STRUTTURE DATI
H,B006801,2015-06-25,S,31,,12,ANALISI I: CALCOLO DIFFERENZIALE ED INTEGRALE
H,B006808,2016-06-21,S,25,,6,ANALISI II: FUNZIONI DI PIU' VARIABILI
H,B006802,2015-09-14,S,21,,12,ARCHITETTURE DEGLI ELABORATORI
H,B006813,2016-07-19,S,24,,9,BASI DI DATI E SISTEMI INFORMATIVI
H,B018760,2016-06-10,S,30,,6,CALCOLO DELLE PROBABILITA' E STATISTICA
H,B006806,2014-11-27,C,0,P,3,INGLESE
H,B006803,2015-06-15,S,23,,9,MATEMATICA DISCRETA E LOGICA
H,B006804,2015-07-28,S,30,,12,PROGRAMMAZIONE
H,B018757,2016-02-04,S,28,,6,PROGRAMMAZIONE CONCORRENTE
H,B006818,2016-07-19,S,24,,9,SISTEMI OPERATIVI
I,B006807,2016-01-11,S,24,,6,ALGEBRA LINEARE
I,B006800,2015-09-17,S,23,,12,ALGORITMI E STRUTTURE DATI
I,B006801,2015-07-27,S,23,,12,ANALISI I: CALCOLO DIFFERENZIALE ED INTEGRALE
I,B006808,2016-06-20,S,27,,6,ANALISI II: FUNZIONI DI PIU' VARIABILI
I,B018760,2016-02-10,S,20,,6,CALCOLO DELLE PROBABILITA' E STATISTICA
I,B006806,2015-12-15,S,0,P,3,INGLESE
I,B018757,2016-02-04,S,28,,6,PROGRAMMAZIONE CONCORRENTE
J,B006807,11/01/2016,S,22,,6,ALGEBRA LINEARE
J,B006800,09/07/2015,S,24,,12,ALGORITMI E STRUTTURE DATI
J,B006801,,C,24,,12,ANALISI I: CALCOLO DIFFERENZIALE ED INTEGRALE
J,B006808,21/06/2016,S,24,,6,ANALISI II: FUNZIONI DI PIU' VARIABILI
J,B006813,13/06/2016,S,22,,9,BASI DI DATI E SISTEMI INFORMATIVI
J,B018760,10/02/2016,S,25,,6,CALCOLO DELLE PROBABILITA' E STATISTICA
J,B015325,20/09/2016,S,27,,9,FISICA GENERALE
J,B006803,15/09/2015,S,20,,9,MATEMATICA DISCRETA E LOGICA
J,B006804,,C,22,,12,PROGRAMMAZIONE
J,B018757,21/06/2016,S,25,,6,PROGRAMMAZIONE CONCORRENTE
K,B006807,2017-01-11,S,24,,6,ALGEBRA LINEARE
K,B006800,2016-07-08,S,31,,12,ALGORITMI E STRUTTURE DATI
K,B006801,2016-07-13,S,29,,12,ANALISI I: CALCOLO DIFFERENZIALE ED INTEGRALE
K,B006808,2017-06-28,S,18,,6,ANALISI II: FUNZIONI DI PIU' VARIABILI
K,B006802,2016-06-09,S,20,,12,ARCHITETTURE DEGLI ELABORATORI
K,B006813,2017-06-19,S,28,,9,BASI DI DATI E SISTEMI INFORMATIVI
K,B018760,2017-01-13,S,27,,6,CALCOLO DELLE PROBABILITA' E STATISTICA
K,B015325,2017-09-13,S,24,,9,FISICA GENERALE
K,B006806,2017-03-09,S,0,P,3,INGLESE
K,B006803,2016-06-15,S,28,,9,MATEMATICA DISCRETA E LOGICA
K,B018756,2017-01-20,S,25,,9,METODOLOGIE DI PROGRAMMAZIONE
K,B006804,2016-09-15,S,26,,12,PROGRAMMAZIONE
K,B018757,2017-02-20,S,30,,6,PROGRAMMAZIONE CONCORRENTE
K,B006818,2017-07-28,S,28,,9,SISTEMI OPERATIVI
L,B006807,2017-01-11,S,30,,6,ALGEBRA LINEARE
L,B006800,2016-06-10,S,31,,12,ALGORITMI E STRUTTURE DATI
L,B006801,2016-07-13,S,31,,12,ANALISI I: CALCOLO DIFFERENZIALE ED INTEGRALE
L,B006808,2017-07-03,S,26,,6,ANALISI II: FUNZIONI DI PIU' VARIABILI
L,B006802,2016-07-18,S,30,,12,ARCHITETTURE DEGLI ELABORATORI
L,B006813,2017-09-15,S,31,,9,BASI DI DATI E SISTEMI INFORMATIVI
L,B018760,2017-02-03,S,31,,6,CALCOLO DELLE PROBABILITA' E STATISTICA
L,B015325,2017-07-21,S,25,,9,FISICA GENERALE
L,B006806,2016-05-23,S,0,P,3,INGLESE
L,B006803,2016-07-04,S,26,,9,MATEMATICA DISCRETA E LOGICA
L,B018756,2017-01-20,S,28,,9,METODOLOGIE DI PROGRAMMAZIONE
L,B006804,2016-09-15,S,30,,12,PROGRAMMAZIONE
L,B018757,2017-02-20,S,31,,6,PROGRAMMAZIONE CONCORRENTE
L,B006818,2017-07-28,S,28,,9,SISTEMI OPERATIVI
M,B006800,2016-06-10,S,30,,12,ALGORITMI E STRUTTURE DATI
M,B006801,2017-01-31,S,27,,12,ANALISI I: CALCOLO DIFFERENZIALE ED INTEGRALE
M,B006808,2017-06-28,S,18,,6,ANALISI II: FUNZIONI DI PIU' VARIABILI
M,B006813,2017-06-19,S,30,,9,BASI DI DATI E SISTEMI INFORMATIVI
M,B006806,2016-10-11,S,0,P,3,INGLESE
M,B018756,2017-02-09,S,28,,9,METODOLOGIE DI PROGRAMMAZIONE
M,B006804,2016-09-20,S,27,,12,PROGRAMMAZIONE
N,B006807,2017-01-11,S,19,,6,ALGEBRA LINEARE
N,B006800,2016-06-10,S,28,,12,ALGORITMI E STRUTTURE DATI
N,B006801,2016-06-23,S,19,,12,ANALISI I: CALCOLO DIFFERENZIALE ED INTEGRALE
N,B006808,2017-07-03,S,30,,6,ANALISI II: FUNZIONI DI PIU' VARIABILI
N,B006802,2017-02-24,S,18,,12,ARCHITETTURE DEGLI ELABORATORI
N,B006813,2017-06-19,S,23,,9,BASI DI DATI E SISTEMI INFORMATIVI
N,B018760,2017-01-13,S,23,,6,CALCOLO DELLE PROBABILITA' E STATISTICA
N,B006806,2016-11-30,S,0,P,3,INGLESE
N,B006803,2017-09-26,S,21,,9,MATEMATICA DISCRETA E LOGICA
N,B018756,2017-01-20,S,28,,9,METODOLOGIE DI PROGRAMMAZIONE
N,B006804,2016-07-26,S,28,,12,PROGRAMMAZIONE
N,B018757,2017-02-20,S,21,,6,PROGRAMMAZIONE CONCORRENTE
N,B006818,2017-07-11,S,23,,9,SISTEMI OPERATIVI
O,B006807,08/02/2017,S,18,,6,ALGEBRA LINEARE
O,B006800,10/06/2016,S,24,,12,ALGORITMI E STRUTTURE DATI
O,B006801,13/07/2016,S,22,,12,ANALISI I: CALCOLO DIFFERENZIALE ED INTEGRALE
O,B006808,03/07/2017,S,18,,6,ANALISI II: FUNZIONI DI PIU' VARIABILI
O,B006802,08/09/2017,S,20,,12,ARCHITETTURE DEGLI ELABORATORI
O,B006806,04/10/2016,S,0,P,3,INGLESE
O,B018756,12/07/2017,S,23,,9,METODOLOGIE DI PROGRAMMAZIONE
O,B006804,20/09/2016,S,27,,12,PROGRAMMAZIONE
O,B018757,11/07/2017,S,30,,6,PROGRAMMAZIONE CONCORRENTE
P,B006807,11/01/2017,S,31,,6,ALGEBRA LINEARE
P,B006800,10/06/2016,S,27,,12,ALGORITMI E STRUTTURE DATI
P,B006801,13/07/2016,S,25,,12,ANALISI I: CALCOLO DIFFERENZIALE ED INTEGRALE
P,B006808,28/06/2017,S,18,,6,ANALISI II: FUNZIONI DI PIU' VARIABILI
P,B006802,09/06/2016,S,27,,12,ARCHITETTURE DEGLI ELABORATORI
P,B006813,04/07/2017,S,25,,9,BASI DI DATI E SISTEMI INFORMATIVI
P,B018760,13/01/2017,S,24,,6,CALCOLO DELLE PROBABILITA' E STATISTICA
P,B006806,24/11/2016,S,0,P,3,INGLESE
P,B006803,26/09/2017,S,26,,9,MATEMATICA DISCRETA E LOGICA
P,B018756,07/06/2017,S,24,,9,METODOLOGIE DI PROGRAMMAZIONE
P,B006804,13/01/2017,C,21,,12,PROGRAMMAZIONE
P,B018757,15/06/2017,S,25,,6,PROGRAMMAZIONE CONCORRENTE
P,B006818,28/07/2017,S,26,,9,SISTEMI OPERATIVI
Q,B006807,2017-01-11,S,22,,6,ALGEBRA LINEARE
Q,B006800,2016-06-15,S,27,,12,ALGORITMI E STRUTTURE DATI
Q,B006801,2016-07-13,S,27,,12,ANALISI I: CALCOLO DIFFERENZIALE ED INTEGRALE
Q,B006808,2017-06-28,S,18,,6,ANALISI II: FUNZIONI DI PIU' VARIABILI
Q,B006802,2017-06-15,S,20,,12,ARCHITETTURE DEGLI ELABORATORI
Q,B006813,2017-07-04,S,23,,9,BASI DI DATI E SISTEMI INFORMATIVI
Q,B018760,2017-01-13,S,20,,6,CALCOLO DELLE PROBABILITA' E STATISTICA
Q,B006806,2016-11-24,S,0,P,3,INGLESE
Q,B018756,2017-06-07,S,25,,9,METODOLOGIE DI PROGRAMMAZIONE
Q,B006804,2016-07-26,S,24,,12,PROGRAMMAZIONE
Q,B018757,2017-06-15,S,26,,6,PROGRAMMAZIONE CONCORRENTE
R,B006807,2017-01-11,S,31,,6,ALGEBRA LINEARE
R,B006800,2016-06-10,S,31,,12,ALGORITMI E STRUTTURE DATI
R,B006801,2016-07-13,S,31,,12,ANALISI I: CALCOLO DIFFERENZIALE ED INTEGRALE
R,B006808,2017-07-03,S,30,,6,ANALISI II: FUNZIONI DI PIU' VARIABILI
R,B006802,2016-06-09,S,30,,12,ARCHITETTURE DEGLI ELABORATORI
R,B006813,2017-06-19,S,31,,9,BASI DI DATI E SISTEMI INFORMATIVI
R,B018760,2017-02-03,S,31,,6,CALCOLO DELLE PROBABILITA' E STATISTICA
R,B006806,2016-11-28,S,0,P,3,INGLESE
R,B006803,2016-09-08,S,28,,9,MATEMATICA DISCRETA E LOGICA
R,B018756,2017-01-20,S,31,,9,METODOLOGIE DI PROGRAMMAZIONE
R,B006804,2016-06-28,S,31,,12,PROGRAMMAZIONE
R,B018757,2017-01-30,S,31,,6,PROGRAMMAZIONE CONCORRENTE
R,B006818,2017-07-11,S,28,,9,SISTEMI OPERATIVI
S,B006807,11/01/2016,S,31,,6,ALGEBRA LINEARE
S,B006800,10/06/2016,S,29,,12,ALGORITMI E STRUTTURE DATI
S,B006801,16/06/2016,C,23,,12,ANALISI I: CALCOLO DIFFERENZIALE ED INTEGRALE
S,B006808,23/09/2016,S,18,,6,ANALISI II: FUNZIONI DI PIU' VARIABILI
S,B006802,18/07/2016,S,30,,12,ARCHITETTURE DEGLI ELABORATORI
S,B006813,19/06/2017,S,31,,9,BASI DI DATI E SISTEMI INFORMATIVI
S,B018760,03/02/2017,S,29,,6,CALCOLO DELLE PROBABILITA' E STATISTICA
S,B015325,14/09/2017,S,23,,9,FISICA GENERALE
S,B006806,10/12/2015,C,0,P,3,INGLESE
S,B006803,07/09/2016,S,20,,9,MATEMATICA DISCRETA E LOGICA
S,B018756,20/01/2017,S,29,,9,METODOLOGIE DI PROGRAMMAZIONE
S,B006804,26/07/2016,S,24,,12,PROGRAMMAZIONE
S,B018757,30/01/2017,S,30,,6,PROGRAMMAZIONE CONCORRENTE
S,B006818,28/07/2017,S,22,,9,SISTEMI OPERATIVI
T,B006807,2017-02-08,S,24,,6,ALGEBRA LINEARE
T,B006800,2016-07-08,S,25,,12,ALGORITMI E STRUTTURE DATI
T,B006801,2017-06-27,S,27,,12,ANALISI I: CALCOLO DIFFERENZIALE ED INTEGRALE
T,B006808,2017-07-03,S,25,,6,ANALISI II: FUNZIONI DI PIU' VARIABILI
T,B006802,2016-09-19,S,19,,12,ARCHITETTURE DEGLI ELABORATORI
T,B006813,2017-06-19,S,24,,9,BASI DI DATI E SISTEMI INFORMATIVI
T,B006806,2017-05-24,S,0,P,3,INGLESE
T,B006804,2017-02-20,S,27,,12,PROGRAMMAZIONE
T,B018757,2017-07-11,S,24,,6,PROGRAMMAZIONE CONCORRENTE
U,B006807,2017-01-11,S,27,,6,ALGEBRA LINEARE
U,B006800,2016-06-14,S,24,,12,ALGORITMI E STRUTTURE DATI
U,B006808,2016-10-12,S,18,,6,ANALISI II: FUNZIONI DI PIU' VARIABILI
U,B006802,2016-09-19,S,21,,12,ARCHITETTURE DEGLI ELABORATORI
U,B006813,2017-07-04,S,21,,9,BASI DI DATI E SISTEMI INFORMATIVI
U,B018760,2017-02-03,S,20,,6,CALCOLO DELLE PROBABILITA' E STATISTICA
U,B006806,0000-00-00,C,0,P,3,INGLESE
U,B018756,2017-02-20,S,28,,9,METODOLOGIE DI PROGRAMMAZIONE
U,B006804,2016-07-26,S,26,,12,PROGRAMMAZIONE
U,B018757,2017-01-30,S,22,,6,PROGRAMMAZIONE CONCORRENTE
U,B006818,2017-09-14,S,21,,9,SISTEMI OPERATIVI
V,B006800,2016-09-16,S,22,,12,ALGORITMI E STRUTTURE DATI
V,B006801,2016-06-23,S,25,,12,ANALISI I: CALCOLO DIFFERENZIALE ED INTEGRALE
V,B006802,2017-07-13,S,18,,12,ARCHITETTURE DEGLI ELABORATORI
V,B006806,2016-10-07,S,0,P,3,INGLESE
V,B018756,2017-07-12,S,22,,9,METODOLOGIE DI PROGRAMMAZIONE
V,B006804,2017-06-29,S,27,,12,PROGRAMMAZIONE
W,B006807,11/01/2017,S,30,,6,ALGEBRA LINEARE
W,B006800,10/06/2016,S,30,,12,ALGORITMI E STRUTTURE DATI
W,B006801,23/06/2016,S,31,,12,ANALISI I: CALCOLO DIFFERENZIALE ED INTEGRALE
W,B006808,03/07/2017,S,30,,6,ANALISI II: FUNZIONI DI PIU' VARIABILI
W,B006802,18/07/2016,S,28,,12,ARCHITETTURE DEGLI ELABORATORI
W,B006813,19/06/2017,S,31,,9,BASI DI DATI E SISTEMI INFORMATIVI
W,B018760,13/01/2017,S,31,,6,CALCOLO DELLE PROBABILITA' E STATISTICA
W,B015325,13/09/2017,S,28,,9,FISICA GENERALE
W,B006806,10/12/2015,C,0,P,3,INGLESE
W,B006803,15/06/2016,S,30,,9,MATEMATICA DISCRETA E LOGICA
W,B018756,20/01/2017,S,31,,9,METODOLOGIE DI PROGRAMMAZIONE
W,B006804,15/09/2016,S,27,,12,PROGRAMMAZIONE
W,B018757,30/01/2017,S,31,,6,PROGRAMMAZIONE CONCORRENTE
W,B006818,14/09/2017,S,26,,9,SISTEMI OPERATIVI
X,B006807,11/01/2017,S,18,,6,ALGEBRA LINEARE
X,B006800,10/06/2016,S,24,,12,ALGORITMI E STRUTTURE DATI
X,B006801,15/07/2016,S,23,,12,ANALISI I: CALCOLO DIFFERENZIALE ED INTEGRALE
X,B006808,28/06/2017,S,18,,6,ANALISI II: FUNZIONI DI PIU' VARIABILI
X,B006802,08/09/2017,S,23,,12,ARCHITETTURE DEGLI ELABORATORI
X,B006813,04/07/2017,S,23,,9,BASI DI DATI E SISTEMI INFORMATIVI
X,B018760,09/06/2017,S,19,,6,CALCOLO DELLE PROBABILITA' E STATISTICA
X,B006806,11/07/2016,S,0,P,3,INGLESE
X,B018756,20/01/2017,S,31,,9,METODOLOGIE DI PROGRAMMAZIONE
X,B006804,20/09/2016,S,24,,12,PROGRAMMAZIONE
X,B018757,30/01/2017,S,25,,6,PROGRAMMAZIONE CONCORRENTE
Y,B006807,,C,25,,6,ALGEBRA LINEARE
Y,B006800,10/06/2016,S,28,,12,ALGORITMI E STRUTTURE DATI
Y,B006801,29/06/2016,C,23,,12,ANALISI I: CALCOLO DIFFERENZIALE ED INTEGRALE
Y,B006808,,C,23,,6,ANALISI II: FUNZIONI DI PIU' VARIABILI
Y,B006802,09/06/2016,S,30,,12,ARCHITETTURE DEGLI ELABORATORI
Y,B006813,06/09/2016,S,24,,9,BASI DI DATI E SISTEMI INFORMATIVI
Y,B015325,13/09/2017,S,22,,9,FISICA GENERALE
Y,B018756,08/02/2017,S,28,,9,METODOLOGIE DI PROGRAMMAZIONE
Y,B006804,28/06/2016,C,27,,12,PROGRAMMAZIONE
Y,B018757,08/02/2016,S,23,,6,PROGRAMMAZIONE CONCORRENTE
Y,B006818,16/06/2017,S,27,,9,SISTEMI OPERATIVI
Z,B006807,2017-01-12,S,29,,6,ALGEBRA LINEARE
Z,B006800,2016-07-08,S,30,,12,ALGORITMI E STRUTTURE DATI
Z,B006801,2016-07-15,S,30,,12,ANALISI I: CALCOLO DIFFERENZIALE ED INTEGRALE
Z,B006808,2017-07-03,S,25,,6,ANALISI II: FUNZIONI DI PIU' VARIABILI
Z,B006802,2016-06-09,S,19,,12,ARCHITETTURE DEGLI ELABORATORI
Z,B006813,2017-06-19,S,31,,9,BASI DI DATI E SISTEMI INFORMATIVI
Z,B018760,2017-01-13,S,31,,6,CALCOLO DELLE PROBABILITA' E STATISTICA
Z,B015325,2017-07-20,S,23,,9,FISICA GENERALE
Z,B006806,2017-01-23,S,0,P,3,INGLESE
Z,B006803,2016-08-01,S,25,,9,MATEMATICA DISCRETA E LOGICA
Z,B018756,2017-01-20,S,28,,9,METODOLOGIE DI PROGRAMMAZIONE
Z,B006804,2016-06-28,S,31,,12,PROGRAMMAZIONE
Z,B018757,2017-02-20,S,30,,6,PROGRAMMAZIONE CONCORRENTE
Z,B006818,2017-07-28,S,25,,9,SISTEMI OPERATIVI
